GEOID,SUMLEV,STATE,COUNTY,CBSA,CSA,NECTA,CNECTA,NAME,POP100,HU100,POP100.2000,HU100.2000,P001001,P001001.2000
41001950100,140,41,001,99999,999,,,Census Tract 9501,2761,1936,2928,1703,2761,2928
41001950300,140,41,001,99999,999,,,Census Tract 9503,2648,1353,2793,1355,2648,2793
41001950400,140,41,001,99999,999,,,Census Tract 9504,3026,1468,2858,1414,3026,2858
41001950500,140,41,001,99999,999,,,Census Tract 9505,2630,1133,2654,1121,2630,2654
41001950600,140,41,001,99999,999,,,Census Tract 9506,1924,1412,2217,1396,1924,2217
41003000100,140,41,003,18700,102,,,Census Tract 1,7059,3070,5424,2564,7059,5424
41003000202,140,41,003,18700,102,,,Census Tract 2.02,5234,2396,4192,1828,5234,4192
41003000500,140,41,003,18700,102,,,Census Tract 5,3141,1382,3135,1284,3141,3135
41003000600,140,41,003,18700,102,,,Census Tract 6,4845,2205,5078,2119,4845,5078
41003000900,140,41,003,18700,102,,,Census Tract 9,5438,2486,5597,2406,5438,5597
41003001001,140,41,003,18700,102,,,Census Tract 10.01,3872,1870,3970,1847,3872,3970
41003001002,140,41,003,18700,102,,,Census Tract 10.02,3159,1377,3172,1366,3159,3172
41003001101,140,41,003,18700,102,,,Census Tract 11.01,3662,1388,3298,1368,3662,3298
41003010100,140,41,003,18700,102,,,Census Tract 101,8519,3325,6984,2565,8519,6984
41003010300,140,41,003,18700,102,,,Census Tract 103,3203,1461,3310,1340,3203,3310
41003010400,140,41,003,18700,102,,,Census Tract 104,3808,1629,3681,1456,3808,3681
41003010600,140,41,003,18700,102,,,Census Tract 106,5507,2019,5023,1856,5507,5023
41003010702,140,41,003,18700,102,,,Census Tract 107.02,3645,984,3145,918,3645,3145
41003010900,140,41,003,18700,102,,,Census Tract 109,4603,1929,3137,1229,4603,3137
41005020200,140,41,005,38900,999,,,Census Tract 202,6193,3032,5998,2941,6193,5998
41005020302,140,41,005,38900,999,,,Census Tract 203.02,3591,1649,3578,1596,3591,3578
41005020303,140,41,005,38900,999,,,Census Tract 203.03,5275,2833,5162,2729,5275,5162
41005020304,140,41,005,38900,999,,,Census Tract 203.04,5438,2251,5701,2243,5438,5701
41005020403,140,41,005,38900,999,,,Census Tract 204.03,3628,1358,3632,1261,3628,3632
41005020501,140,41,005,38900,999,,,Census Tract 205.01,6921,2842,4465,1879,6921,4465
41005020503,140,41,005,38900,999,,,Census Tract 205.03,2339,1021,2271,992,2339,2271
41005020504,140,41,005,38900,999,,,Census Tract 205.04,6316,2534,6231,2265,6316,6231
41005020505,140,41,005,38900,999,,,Census Tract 205.05,2661,1184,2624,1058,2661,2624
41005020600,140,41,005,38900,999,,,Census Tract 206,7814,3053,7119,2721,7814,7119
41005020900,140,41,005,38900,999,,,Census Tract 209,3799,1687,3858,1663,3799,3858
41005021000,140,41,005,38900,999,,,Census Tract 210,4509,1932,4628,1898,4509,4628
41005021100,140,41,005,38900,999,,,Census Tract 211,5424,2249,5576,2212,5424,5576
41005021200,140,41,005,38900,999,,,Census Tract 212,3859,2139,3837,2021,3859,3837
41005021300,140,41,005,38900,999,,,Census Tract 213,5937,2438,5449,2292,5937,5449
41005021400,140,41,005,38900,999,,,Census Tract 214,4719,2071,4788,2093,4719,4788
41005021500,140,41,005,38900,999,,,Census Tract 215,4927,2104,4309,1704,4927,4309
41005021601,140,41,005,38900,999,,,Census Tract 216.01,5951,2458,5800,2455,5951,5800
41005021900,140,41,005,38900,999,,,Census Tract 219,3515,1463,3257,1353,3515,3257
41005022000,140,41,005,38900,999,,,Census Tract 220,6412,2609,6397,2327,6412,6397
41005022103,140,41,005,38900,999,,,Census Tract 221.03,5827,2190,4013,1463,5827,4013
41005022105,140,41,005,38900,999,,,Census Tract 221.05,6054,2272,5673,2113,6054,5673
41005022107,140,41,005,38900,999,,,Census Tract 221.07,3685,1870,3453,1739,3685,3453
41005022108,140,41,005,38900,999,,,Census Tract 221.08,2898,1346,2715,1252,2898,2715
41005022201,140,41,005,38900,999,,,Census Tract 222.01,4779,2457,4587,2336,4779,4587
41005022205,140,41,005,38900,999,,,Census Tract 222.05,3339,1275,2154,782,3339,2154
41005022207,140,41,005,38900,999,,,Census Tract 222.07,5095,1703,2739,952,5095,2739
41005022208,140,41,005,38900,999,,,Census Tract 222.08,6062,1966,3259,1098,6062,3259
41005022301,140,41,005,38900,999,,,Census Tract 223.01,3867,1474,3309,1216,3867,3309
41005022302,140,41,005,38900,999,,,Census Tract 223.02,5274,2147,4513,1771,5274,4513
41005022400,140,41,005,38900,999,,,Census Tract 224,3968,1875,4124,1812,3968,4124
41005022500,140,41,005,38900,999,,,Census Tract 225,7756,3189,7865,3096,7756,7865
41005022602,140,41,005,38900,999,,,Census Tract 226.02,4171,1599,3563,1314,4171,3563
41005022603,140,41,005,38900,999,,,Census Tract 226.03,3239,1499,2338,1019,3239,2338
41005022605,140,41,005,38900,999,,,Census Tract 226.05,7363,2801,5316,1905,7363,5316
41005022606,140,41,005,38900,999,,,Census Tract 226.06,4342,1617,3135,1100,4342,3135
41005022702,140,41,005,38900,999,,,Census Tract 227.02,6685,2629,6334,2380,6685,6334
41005022708,140,41,005,38900,999,,,Census Tract 227.08,4175,1529,3214,1108,4175,3214
41005022710,140,41,005,38900,999,,,Census Tract 227.10,2570,1208,2082,955,2570,2082
41005022800,140,41,005,38900,999,,,Census Tract 228,3977,2230,4121,2245,3977,4121
41005022901,140,41,005,38900,999,,,Census Tract 229.01,3481,1274,2174,822,3481,2174
41005022904,140,41,005,38900,999,,,Census Tract 229.04,3611,1323,3035,1121,3611,3035
41005022905,140,41,005,38900,999,,,Census Tract 229.05,4092,1559,3438,1321,4092,3438
41005022906,140,41,005,38900,999,,,Census Tract 229.06,2950,1293,2666,1125,2950,2666
41005022907,140,41,005,38900,999,,,Census Tract 229.07,4227,1430,3821,1244,4227,3821
41005023001,140,41,005,38900,999,,,Census Tract 230.01,3472,1281,3497,1205,3472,3497
41005023100,140,41,005,38900,999,,,Census Tract 231,6127,2366,5934,2178,6127,5934
41005023201,140,41,005,38900,999,,,Census Tract 232.01,4283,1555,4391,1509,4283,4391
41005023202,140,41,005,38900,999,,,Census Tract 232.02,6487,2366,4631,1704,6487,4631
41005023300,140,41,005,38900,999,,,Census Tract 233,4931,1879,4701,1741,4931,4701
41005023404,140,41,005,38900,999,,,Census Tract 234.04,5685,2293,3626,1404,5685,3626
41005023500,140,41,005,38900,999,,,Census Tract 235,5785,2224,6047,2297,5785,6047
41005023600,140,41,005,38900,999,,,Census Tract 236,3840,1533,3833,1444,3840,3833
41005023700,140,41,005,38900,999,,,Census Tract 237,4637,1795,4521,1679,4637,4521
41005023800,140,41,005,38900,999,,,Census Tract 238,6414,2396,6645,2322,6414,6645
41005023901,140,41,005,38900,999,,,Census Tract 239.01,5065,1867,3732,1321,5065,3732
41005023902,140,41,005,38900,999,,,Census Tract 239.02,4832,1843,3560,1304,4832,3560
41005024000,140,41,005,38900,999,,,Census Tract 240,2844,1055,3137,1307,2844,3137
41005980000,140,41,005,38900,999,,,Census Tract 9800,297,47,288,41,297,288
41005024100,140,41,005,38900,999,,,Census Tract 241,4968,1893,5024,1783,4968,5024
41005024302,140,41,005,38900,999,,,Census Tract 243.02,4959,2160,4880,1973,4959,4880
41005024303,140,41,005,38900,999,,,Census Tract 243.03,3191,1977,3150,1627,3191,3150
41005024304,140,41,005,38900,999,,,Census Tract 243.04,2450,2631,2419,2165,2450,2419
41005024400,140,41,005,38900,999,,,Census Tract 244.00,6400,2852,5186,2256,6400,5186
41007950400,140,41,007,11820,999,,,Census Tract 9504,3492,1513,3365,1433,3492,3365
41007950500,140,41,007,11820,999,,,Census Tract 9505,4701,2091,3943,1732,4701,3943
41007950600,140,41,007,11820,999,,,Census Tract 9506,2554,1054,2353,981,2554,2353
41007950700,140,41,007,11820,999,,,Census Tract 9507,2041,1836,1744,1522,2041,1744
41007950900,140,41,007,11820,999,,,Census Tract 9509,4493,3464,4461,3291,4493,4461
41007951200,140,41,007,11820,999,,,Census Tract 9512,3035,1568,2973,1457,3035,2973
41007990000,140,41,007,11820,999,,,Census Tract 9900,0,0,0,0,0,0
41009970200,140,41,009,38900,999,,,Census Tract 9702,6154,2704,5995,2447,6154,5995
41009970400,140,41,009,38900,999,,,Census Tract 9704,2472,1032,2445,962,2472,2445
41009970500,140,41,009,38900,999,,,Census Tract 9705,6287,2524,5493,2077,6287,5493
41009970600,140,41,009,38900,999,,,Census Tract 9706,6118,2397,5077,1938,6118,5077
41009970800,140,41,009,38900,999,,,Census Tract 9708,6851,2728,5132,2113,6851,5132
41009970900,140,41,009,38900,999,,,Census Tract 9709,4877,2090,3335,1489,4877,3335
41009971000,140,41,009,38900,999,,,Census Tract 9710,4627,1918,4239,1691,4627,4239
41009971100,140,41,009,38900,999,,,Census Tract 9711,3539,1603,3694,1474,3539,3694
41011000100,140,41,011,18300,999,,,Census Tract 1,5826,3176,5651,2888,5826,5651
41011000200,140,41,011,18300,999,,,Census Tract 2,2456,1152,2708,1200,2456,2708
41011000300,140,41,011,18300,999,,,Census Tract 3,3394,1606,3471,1598,3394,3471
41011990101,140,41,011,18300,999,,,Census Tract 9901.01,0,0,0,0,0,0
41011000503,140,41,011,18300,999,,,Census Tract 5.03,2935,1158,2677,1034,2935,2677
41011000504,140,41,011,18300,999,,,Census Tract 5.04,6166,3033,5625,2710,6166,5625
41011000700,140,41,011,18300,999,,,Census Tract 7,7415,3596,7396,3552,7415,7396
41011000800,140,41,011,18300,999,,,Census Tract 8,2963,1344,2967,1273,2963,2967
41011001100,140,41,011,18300,999,,,Census Tract 11,5855,2804,6107,2823,5855,6107
41013950100,140,41,013,39260,140,,,Census Tract 9501,7267,3215,6180,2441,7267,6180
41013950200,140,41,013,39260,140,,,Census Tract 9502,4268,1920,4132,1682,4268,4132
41013950400,140,41,013,39260,140,,,Census Tract 9504,3877,2364,3130,1721,3877,3130
41015950200,140,41,015,15060,999,,,Census Tract 9502,5153,3139,4754,2599,5153,4754
41015950301,140,41,015,15060,999,,,Census Tract 9503.01,4499,2256,4104,2035,4499,4104
41015950302,140,41,015,15060,999,,,Census Tract 9503.02,4801,2493,4391,2134,4801,4391
41015950400,140,41,015,15060,999,,,Census Tract 9504,4805,2725,4833,2898,4805,4833
41015990101,140,41,015,15060,999,,,Census Tract 9901.01,0,0,0,0,0,0
41017000100,140,41,017,13460,140,,,Census Tract 1,1869,828,1754,684,1869,1754
41017000300,140,41,017,13460,140,,,Census Tract 3,7968,4636,6273,3410,7968,6273
41017000401,140,41,017,13460,140,,,Census Tract 4.01,4865,2132,4776,1817,4865,4776
41017000402,140,41,017,13460,140,,,Census Tract 4.02,2756,5371,2705,4577,2756,2705
41017000600,140,41,017,13460,140,,,Census Tract 6,6537,4113,5305,2468,6537,5305
41017000900,140,41,017,13460,140,,,Census Tract 9,6994,3061,5502,2306,6994,5502
41017001001,140,41,017,13460,140,,,Census Tract 10.01,12537,5147,7886,3036,12537,7886
41017001002,140,41,017,13460,140,,,Census Tract 10.02,2314,1095,1455,645,2314,1455
41017001100,140,41,017,13460,140,,,Census Tract 11,10254,4272,6010,2308,10254,6010
41017001200,140,41,017,13460,140,,,Census Tract 12,6867,2851,5733,2203,6867,5733
41017001300,140,41,017,13460,140,,,Census Tract 13,10806,5084,6196,2849,10806,6196
41017001400,140,41,017,13460,140,,,Census Tract 14,5445,2831,3233,1617,5445,3233
41017001500,140,41,017,13460,140,,,Census Tract 15,5537,2914,5143,2403,5537,5143
41017001700,140,41,017,13460,140,,,Census Tract 17,7550,3356,7168,2774,7550,7168
41017001800,140,41,017,13460,140,,,Census Tract 18,7637,3946,7035,3099,7637,7035
41017002000,140,41,017,13460,140,,,Census Tract 20,7002,3206,4692,2024,7002,4692
41017002100,140,41,017,13460,140,,,Census Tract 21,11149,5047,5363,2256,11149,5363
41019020000,140,41,019,40700,999,,,Census Tract 200,3708,1976,4042,2041,3708,4042
41019040000,140,41,019,40700,999,,,Census Tract 400,2718,1254,2615,1108,2718,2615
41019070000,140,41,019,40700,999,,,Census Tract 700,5237,2183,4854,1891,5237,4854
41019080000,140,41,019,40700,999,,,Census Tract 800,7347,3421,6610,2819,7347,6610
41019090000,140,41,019,40700,999,,,Census Tract 900,5703,2777,5713,2670,5703,5713
41019100000,140,41,019,40700,999,,,Census Tract 1000,3229,1582,3112,1407,3229,3112
41019110000,140,41,019,40700,999,,,Census Tract 1100,2773,1256,2791,1133,2773,2791
41019120000,140,41,019,40700,999,,,Census Tract 1200,7666,3527,6758,3091,7666,6758
41019130000,140,41,019,40700,999,,,Census Tract 1300,5640,2449,5338,2284,5640,5338
41019140000,140,41,019,40700,999,,,Census Tract 1400,5139,2432,5081,2198,5139,5081
41019150000,140,41,019,40700,999,,,Census Tract 1500,7282,2854,5978,2206,7282,5978
41019160000,140,41,019,40700,999,,,Census Tract 1600,7451,3227,6565,2753,7451,6565
41019170000,140,41,019,40700,999,,,Census Tract 1700,3791,1646,3611,1421,3791,3611
41019180000,140,41,019,40700,999,,,Census Tract 1800,4699,2022,4721,1931,4699,4721
41019200000,140,41,019,40700,999,,,Census Tract 2000,5041,2248,4599,1903,5041,4599
41019210000,140,41,019,40700,999,,,Census Tract 2100,4467,2161,4231,1903,4467,4231
41019990000,140,41,019,40700,999,,,Census Tract 9900,0,0,0,0,0,0
41021960100,140,41,021,99999,999,,,Census Tract 9601,1871,1156,1915,1043,1871,1915
41023960100,140,41,023,99999,999,,,Census Tract 9601,2157,1529,2454,1447,2157,2454
41023960200,140,41,023,99999,999,,,Census Tract 9602,5288,2815,5481,2557,5288,5481
41025960100,140,41,025,99999,999,,,Census Tract 9601,5281,2683,5621,2546,5281,5621
41027950100,140,41,027,26220,999,,,Census Tract 9501,4223,1663,4118,1475,4223,4118
41027950200,140,41,027,26220,999,,,Census Tract 9502,6644,2787,5862,2234,6644,5862
41027950300,140,41,027,26220,999,,,Census Tract 9503,5812,2806,5209,2356,5812,5209
41027950400,140,41,027,26220,999,,,Census Tract 9504,5667,2015,5222,1753,5667,5222
41029000100,140,41,029,32780,999,,,Census Tract 1,1782,919,2100,883,1782,2100
41029000201,140,41,029,32780,999,,,Census Tract 2.01,3686,1493,3828,1485,3686,3828
41029000202,140,41,029,32780,999,,,Census Tract 2.02,3670,1493,3823,1480,3670,3823
41029000300,140,41,029,32780,999,,,Census Tract 3,5603,2392,4481,1862,5603,4481
41029000403,140,41,029,32780,999,,,Census Tract 4.03,3645,1666,3578,1492,3645,3578
41029000404,140,41,029,32780,999,,,Census Tract 4.04,4614,1801,4529,1613,4614,4529
41029000406,140,41,029,32780,999,,,Census Tract 4.06,4536,2048,4279,1890,4536,4279
41029000601,140,41,029,32780,999,,,Census Tract 6.01,6790,2844,5959,2488,6790,5959
41029000602,140,41,029,32780,999,,,Census Tract 6.02,5596,2965,4843,2360,5596,4843
41029000700,140,41,029,32780,999,,,Census Tract 7,9399,3732,7776,2976,9399,7776
41029000800,140,41,029,32780,999,,,Census Tract 8,5647,2439,4569,1914,5647,4569
41029000900,140,41,029,32780,999,,,Census Tract 9,8171,3304,5577,2029,8171,5577
41029001001,140,41,029,32780,999,,,Census Tract 10.01,6476,2712,5980,2340,6476,5980
41029001002,140,41,029,32780,999,,,Census Tract 10.02,4231,1671,3907,1442,4231,3907
41029001100,140,41,029,32780,999,,,Census Tract 11,5689,2226,3829,1470,5689,3829
41029001200,140,41,029,32780,999,,,Census Tract 12,3904,1570,3136,1187,3904,3136
41029001301,140,41,029,32780,999,,,Census Tract 13.01,5060,1664,4823,1413,5060,4823
41029001302,140,41,029,32780,999,,,Census Tract 13.02,8950,3667,6582,2362,8950,6582
41029001400,140,41,029,32780,999,,,Census Tract 14,10474,4431,6808,2600,10474,6808
41029001500,140,41,029,32780,999,,,Census Tract 15,4674,2359,4179,1888,4674,4179
41029001601,140,41,029,32780,999,,,Census Tract 16.01,3639,1871,3254,1626,3639,3254
41029001602,140,41,029,32780,999,,,Census Tract 16.02,5998,2760,5364,2399,5998,5364
41029001700,140,41,029,32780,999,,,Census Tract 17,7322,3350,6873,2910,7322,6873
41029001800,140,41,029,32780,999,,,Census Tract 18,7817,4033,6743,3157,7817,6743
41029001900,140,41,029,32780,999,,,Census Tract 19,3038,1203,3224,1074,3038,3224
41029002100,140,41,029,32780,999,,,Census Tract 21,3424,1858,3393,1617,3424,3393
41029002200,140,41,029,32780,999,,,Census Tract 22,4481,2390,4665,2269,4481,4665
41029002400,140,41,029,32780,999,,,Census Tract 24,2112,906,1979,791,2112,1979
41029002600,140,41,029,32780,999,,,Census Tract 26,2769,1363,2634,1165,2769,2634
41029002700,140,41,029,32780,999,,,Census Tract 27,6921,3315,6382,2789,6921,6382
41029002900,140,41,029,32780,999,,,Census Tract 29,7258,3532,7078,3179,7258,7078
41029003001,140,41,029,32780,999,,,Census Tract 30.01,3822,1826,3961,1697,3822,3961
41029003002,140,41,029,32780,999,,,Census Tract 30.02,4979,2448,4785,2105,4979,4785
41031960201,140,41,031,99999,999,,,Census Tract 9602.01,3412,1426,3167,1186,3412,3167
41031960202,140,41,031,99999,999,,,Census Tract 9602.02,5305,2284,4925,1900,5305,4925
41031960301,140,41,031,99999,999,,,Census Tract 9603.01,3530,1986,3165,1691,3530,3165
41031960302,140,41,031,99999,999,,,Census Tract 9603.02,4153,2604,3723,2217,4153,3723
41033360300,140,41,033,24420,999,,,Census Tract 3603,5438,2275,4907,2060,5438,4907
41033360400,140,41,033,24420,999,,,Census Tract 3604,4177,1928,4009,1712,4177,4009
41033360500,140,41,033,24420,999,,,Census Tract 3605,5565,2541,5201,2412,5565,5201
41033360701,140,41,033,24420,999,,,Census Tract 3607.01,4248,1825,4118,1681,4248,4118
41033360702,140,41,033,24420,999,,,Census Tract 3607.02,5741,2848,5282,2509,5741,5282
41033360800,140,41,033,24420,999,,,Census Tract 3608,5080,2341,4929,2093,5080,4929
41033360900,140,41,033,24420,999,,,Census Tract 3609,2544,1226,2449,1103,2544,2449
41033361000,140,41,033,24420,999,,,Census Tract 3610,4798,2071,4688,1980,4798,4688
41033361100,140,41,033,24420,999,,,Census Tract 3611,8956,4145,6101,2625,8956,6101
41033361300,140,41,033,24420,999,,,Census Tract 3613,7088,3107,6504,2778,7088,6504
41033361600,140,41,033,24420,999,,,Census Tract 3616,8348,4197,7805,3795,8348,7805
41035970300,140,41,035,28900,999,,,Census Tract 9703,3100,1992,3286,1822,3100,3286
41035970400,140,41,035,28900,999,,,Census Tract 9704,1418,611,1412,549,1418,1412
41035970500,140,41,035,28900,999,,,Census Tract 9705,1608,810,1511,709,1608,1511
41035970700,140,41,035,28900,999,,,Census Tract 9707,2174,914,2153,871,2174,2153
41035970800,140,41,035,28900,999,,,Census Tract 9708,2316,1005,2091,894,2316,2091
41035970900,140,41,035,28900,999,,,Census Tract 9709,4505,2350,3743,1686,4505,3743
41035971000,140,41,035,28900,999,,,Census Tract 9710,2484,1088,2524,977,2484,2524
41035971200,140,41,035,28900,999,,,Census Tract 9712,2507,1171,2614,1191,2507,2614
41035971400,140,41,035,28900,999,,,Census Tract 9714,5265,2145,5032,1996,5265,5032
41035971500,140,41,035,28900,999,,,Census Tract 9715,4166,1870,4326,1855,4166,4326
41035971600,140,41,035,28900,999,,,Census Tract 9716,3327,1541,3275,1477,3327,3275
41035972000,140,41,035,28900,999,,,Census Tract 9720,4532,1845,4168,1676,4532,4168
41037960200,140,41,037,99999,999,,,Census Tract 9602,5139,2502,5064,2478,5139,5064
41039000100,140,41,039,21660,999,,,Census Tract 1,5187,2829,5189,2487,5187,5189
41039000403,140,41,039,21660,999,,,Census Tract 4.03,4943,2086,4634,1889,4943,4634
41039000404,140,41,039,21660,999,,,Census Tract 4.04,3587,1507,3826,1490,3587,3826
41039000702,140,41,039,21660,999,,,Census Tract 7.02,2522,1501,2395,1294,2522,2395
41039000705,140,41,039,21660,999,,,Census Tract 7.05,3589,2224,3150,1835,3589,3150
41039000706,140,41,039,21660,999,,,Census Tract 7.06,2519,1731,2211,1429,2519,2211
41039000707,140,41,039,21660,999,,,Census Tract 7.07,3987,2389,3550,1965,3987,3550
41039000800,140,41,039,21660,999,,,Census Tract 8,1613,720,1678,663,1613,1678
41039000903,140,41,039,21660,999,,,Census Tract 9.03,5319,2087,3989,1467,5319,3989
41039001002,140,41,039,21660,999,,,Census Tract 10.02,4167,1830,4038,1650,4167,4038
41039001101,140,41,039,21660,999,,,Census Tract 11.01,5549,2297,4096,1606,5549,4096
41039001102,140,41,039,21660,999,,,Census Tract 11.02,3839,1532,3773,1418,3839,3773
41039001201,140,41,039,21660,999,,,Census Tract 12.01,3996,1736,3668,1507,3996,3668
41039001202,140,41,039,21660,999,,,Census Tract 12.02,3935,1718,3829,1598,3935,3829
41039001301,140,41,039,21660,999,,,Census Tract 13.01,3386,1498,3180,1307,3386,3180
41039001400,140,41,039,21660,999,,,Census Tract 14,2480,1039,2430,939,2480,2430
41039001500,140,41,039,21660,999,,,Census Tract 15,4478,2230,4400,2090,4478,4400
41039001600,140,41,039,21660,999,,,Census Tract 16,5010,2144,4992,1942,5010,4992
41039001700,140,41,039,21660,999,,,Census Tract 17,5338,2224,5315,2104,5338,5315
41039001801,140,41,039,21660,999,,,Census Tract 18.01,5309,1966,3669,1354,5309,3669
41039001803,140,41,039,21660,999,,,Census Tract 18.03,3924,1631,3821,1489,3924,3821
41039001804,140,41,039,21660,999,,,Census Tract 18.04,3655,1364,3329,1198,3655,3329
41039001902,140,41,039,21660,999,,,Census Tract 19.02,6503,2475,5241,1996,6503,5241
41039001903,140,41,039,21660,999,,,Census Tract 19.03,2944,1145,3039,1111,2944,3039
41039001904,140,41,039,21660,999,,,Census Tract 19.04,4956,2227,4271,1821,4956,4271
41039002001,140,41,039,21660,999,,,Census Tract 20.01,3120,1351,2567,1102,3120,2567
41039002002,140,41,039,21660,999,,,Census Tract 20.02,4983,2059,4522,1824,4983,4522
41039002102,140,41,039,21660,999,,,Census Tract 21.02,6541,3028,6450,2875,6541,6450
41039002201,140,41,039,21660,999,,,Census Tract 22.01,3548,1705,3056,1430,3548,3056
41039002202,140,41,039,21660,999,,,Census Tract 22.02,5741,2480,4129,1655,5741,4129
41039002301,140,41,039,21660,999,,,Census Tract 23.01,3905,1665,3092,1256,3905,3092
41039002401,140,41,039,21660,999,,,Census Tract 24.01,3887,1555,2995,1151,3887,2995
41039002403,140,41,039,21660,999,,,Census Tract 24.03,4258,1676,4059,1553,4258,4059
41039002404,140,41,039,21660,999,,,Census Tract 24.04,3990,1662,3463,1384,3990,3463
41039002501,140,41,039,21660,999,,,Census Tract 25.01,4828,1822,4847,1761,4828,4847
41039002503,140,41,039,21660,999,,,Census Tract 25.03,7689,3107,4576,1975,7689,4576
41039002504,140,41,039,21660,999,,,Census Tract 25.04,2860,1179,1702,749,2860,1702
41039002700,140,41,039,21660,999,,,Census Tract 27,3991,1556,3854,1440,3991,3854
41039002800,140,41,039,21660,999,,,Census Tract 28,4189,1796,3960,1647,4189,3960
41039002902,140,41,039,21660,999,,,Census Tract 29.02,3992,1879,3771,1756,3992,3771
41039002903,140,41,039,21660,999,,,Census Tract 29.03,2547,1173,2488,1104,2547,2488
41039002904,140,41,039,21660,999,,,Census Tract 29.04,3619,2134,3536,2008,3619,3536
41039003000,140,41,039,21660,999,,,Census Tract 30,4263,2107,4174,2013,4263,4174
41039003201,140,41,039,21660,999,,,Census Tract 32.01,3230,1317,3157,1277,3230,3157
41039003202,140,41,039,21660,999,,,Census Tract 32.02,3980,1800,4066,1728,3980,4066
41039003301,140,41,039,21660,999,,,Census Tract 33.01,3287,1347,3336,1323,3287,3336
41039003302,140,41,039,21660,999,,,Census Tract 33.02,3389,1602,3438,1573,3389,3438
41039003500,140,41,039,21660,999,,,Census Tract 35,4280,1627,3406,1326,4280,3406
41039003600,140,41,039,21660,999,,,Census Tract 36,3544,1711,3588,1753,3544,3588
41039003700,140,41,039,21660,999,,,Census Tract 37,3972,528,3118,469,3972,3118
41039004000,140,41,039,21660,999,,,Census Tract 40,2474,1443,2435,1413,2474,2435
41039004300,140,41,039,21660,999,,,Census Tract 43,6717,2875,6515,2746,6717,6515
41039004401,140,41,039,21660,999,,,Census Tract 44.01,5967,2656,6204,2607,5967,6204
41039004403,140,41,039,21660,999,,,Census Tract 44.03,4739,2367,4883,2337,4739,4883
41039004404,140,41,039,21660,999,,,Census Tract 44.04,3385,1450,2994,1233,3385,2994
41039004405,140,41,039,21660,999,,,Census Tract 44.05,4668,1902,4130,1617,4668,4130
41039004502,140,41,039,21660,999,,,Census Tract 45.02,3370,1850,3248,1746,3370,3248
41039004600,140,41,039,21660,999,,,Census Tract 46,2644,1253,2721,1209,2644,2721
41039004800,140,41,039,21660,999,,,Census Tract 48,4662,2171,4223,2103,4662,4223
41039004900,140,41,039,21660,999,,,Census Tract 49,4372,1776,3915,1730,4372,3915
41039005000,140,41,039,21660,999,,,Census Tract 50,5080,2280,5099,2171,5080,5099
41039005100,140,41,039,21660,999,,,Census Tract 51,3118,1563,3076,1486,3118,3076
41039005200,140,41,039,21660,999,,,Census Tract 52,2086,1031,2063,940,2086,2063
41039990000,140,41,039,21660,999,,,Census Tract 9900,0,0,0,0,0,0
41041950100,140,41,041,99999,999,,,Census Tract 9501,3347,1627,3149,1492,3347,3149
41041950303,140,41,041,99999,999,,,Census Tract 9503.03,1339,1606,1293,1349,1339,1293
41041950304,140,41,041,99999,999,,,Census Tract 9503.04,3238,2376,3128,1997,3238,3128
41041950400,140,41,041,99999,999,,,Census Tract 9504,3871,2961,3876,2580,3871,3876
41041950601,140,41,041,99999,999,,,Census Tract 9506.01,2519,2693,2449,2422,2519,2449
41041950602,140,41,041,99999,999,,,Census Tract 9506.02,2165,1949,2104,1753,2165,2104
41041950800,140,41,041,99999,999,,,Census Tract 9508,3172,2217,3144,1758,3172,3144
41041950900,140,41,041,99999,999,,,Census Tract 9509,3371,1519,3173,1378,3371,3173
41041951000,140,41,041,99999,999,,,Census Tract 9510,2276,1274,2207,1266,2276,2207
41041951100,140,41,041,99999,999,,,Census Tract 9511,1633,1017,1661,930,1633,1661
41041951200,140,41,041,99999,999,,,Census Tract 9512,1923,1313,1736,1027,1923,1736
41041951300,140,41,041,99999,999,,,Census Tract 9513,2475,1114,2544,1094,2475,2544
41041951400,140,41,041,99999,999,,,Census Tract 9514,2944,1258,2745,1149,2944,2745
41041951600,140,41,041,99999,999,,,Census Tract 9516,3519,2156,3426,1916,3519,3426
41041951800,140,41,041,99999,999,,,Census Tract 9518,3808,1596,3660,1551,3808,3660
41041990100,140,41,041,99999,999,,,Census Tract 9901,0,0,0,0,0,0
41043020100,140,41,043,10540,102,,,Census Tract 201,9124,3710,6106,2475,9124,6106
41043020200,140,41,043,10540,102,,,Census Tract 202,1834,861,1769,764,1834,1769
41043020300,140,41,043,10540,102,,,Census Tract 203,7095,2916,5269,2295,7095,5269
41043020500,140,41,043,10540,102,,,Census Tract 205,3783,1762,3293,1612,3783,3293
41043020600,140,41,043,10540,102,,,Census Tract 206,8452,3593,6606,2956,8452,6606
41043020700,140,41,043,10540,102,,,Census Tract 207,5485,2225,5038,2153,5485,5038
41043020801,140,41,043,10540,102,,,Census Tract 208.01,2500,1027,2371,966,2500,2371
41043020802,140,41,043,10540,102,,,Census Tract 208.02,6064,2400,5752,2259,6064,5752
41043030200,140,41,043,10540,102,,,Census Tract 302,6644,2771,6102,2495,6644,6102
41043030401,140,41,043,10540,102,,,Census Tract 304.01,6432,2627,6375,2549,6432,6375
41043030402,140,41,043,10540,102,,,Census Tract 304.02,6687,2853,5829,2438,6687,5829
41043030500,140,41,043,10540,102,,,Census Tract 305,4180,1756,4029,1560,4180,4029
41043030600,140,41,043,10540,102,,,Census Tract 306,6694,2538,9380,3586,6694,9380
41043030700,140,41,043,10540,102,,,Census Tract 307,4019,1721,3732,1615,4019,3732
41043030800,140,41,043,10540,102,,,Census Tract 308,7779,3503,7684,3199,7779,7684
41043030902,140,41,043,10540,102,,,Census Tract 309.02,7338,2929,6441,2418,7338,6441
41043030903,140,41,043,10540,102,,,Census Tract 309.03,6003,2614,5200,2189,6003,5200
41043030904,140,41,043,10540,102,,,Census Tract 309.04,4035,1692,3397,1394,4035,3397
41045940000,140,41,045,36620,999,,,Census Tract 9400,0,0,0,0,0,0
41045970200,140,41,045,36620,999,,,Census Tract 9702,4579,1858,4449,1706,4579,4449
41045970300,140,41,045,36620,999,,,Census Tract 9703,4090,1816,4006,1797,4090,4006
41045970400,140,41,045,36620,999,,,Census Tract 9704,5426,2004,5549,2040,5426,5549
41045970500,140,41,045,36620,999,,,Census Tract 9705,5137,1890,5173,1831,5137,5173
41045970600,140,41,045,36620,999,,,Census Tract 9706,4462,1790,4628,1713,4462,4628
41045970700,140,41,045,36620,999,,,Census Tract 9707,1720,740,1903,765,1720,1903
41045970900,140,41,045,36620,999,,,Census Tract 9709,5899,1594,5907,1381,5899,5907
41047000200,140,41,047,41420,999,,,Census Tract 2,3233,1363,3626,1316,3233,3626
41047000300,140,41,047,41420,999,,,Census Tract 3,5014,2049,4979,1943,5014,4979
41047000501,140,41,047,41420,999,,,Census Tract 5.01,3733,1144,3468,1107,3733,3468
41047000502,140,41,047,41420,999,,,Census Tract 5.02,5326,1788,4947,1731,5326,4947
41047000600,140,41,047,41420,999,,,Census Tract 6,4858,2294,5014,2201,4858,5014
41047000701,140,41,047,41420,999,,,Census Tract 7.01,8135,2116,7850,2052,8135,7850
41047001100,140,41,047,41420,999,,,Census Tract 11,4543,2128,4479,2010,4543,4479
41047001200,140,41,047,41420,999,,,Census Tract 12,3593,1812,3694,1831,3593,3694
41047001300,140,41,047,41420,999,,,Census Tract 13,4040,2002,3829,1918,4040,3829
41047001401,140,41,047,41420,999,,,Census Tract 14.01,5666,2474,5120,2236,5666,5120
41047001402,140,41,047,41420,999,,,Census Tract 14.02,5662,2288,5116,2068,5662,5116
41047001501,140,41,047,41420,999,,,Census Tract 15.01,4408,1808,4122,1660,4408,4122
41047001502,140,41,047,41420,999,,,Census Tract 15.02,5253,1866,4707,1757,5253,4707
41047001503,140,41,047,41420,999,,,Census Tract 15.03,5410,1943,5028,1854,5410,5028
41047001601,140,41,047,41420,999,,,Census Tract 16.01,7668,2844,7148,2711,7668,7148
41047001602,140,41,047,41420,999,,,Census Tract 16.02,9286,3429,7546,2896,9286,7546
41047001701,140,41,047,41420,999,,,Census Tract 17.01,6409,2538,5228,2276,6409,5228
41047001702,140,41,047,41420,999,,,Census Tract 17.02,5564,1897,4810,1765,5564,4810
41047001801,140,41,047,41420,999,,,Census Tract 18.01,6501,2498,5570,2330,6501,5570
41047001802,140,41,047,41420,999,,,Census Tract 18.02,7686,2510,6004,1965,7686,6004
41047002000,140,41,047,41420,999,,,Census Tract 20,9208,3751,6532,2655,9208,6532
41047002101,140,41,047,41420,999,,,Census Tract 21.01,2256,1210,2361,1207,2256,2361
41047002102,140,41,047,41420,999,,,Census Tract 21.02,6067,2609,6349,2602,6067,6349
41047002301,140,41,047,41420,999,,,Census Tract 23.01,3176,1225,3164,1147,3176,3164
41047002303,140,41,047,41420,999,,,Census Tract 23.03,7142,2852,5961,2298,7142,5961
41047002304,140,41,047,41420,999,,,Census Tract 23.04,5081,2353,4241,1896,5081,4241
41047002501,140,41,047,41420,999,,,Census Tract 25.01,8868,3547,7523,2946,8868,7523
41047002502,140,41,047,41420,999,,,Census Tract 25.02,5033,1933,4270,1605,5033,4270
41047002800,140,41,047,41420,999,,,Census Tract 28,3852,1637,3585,1442,3852,3585
41047010100,140,41,047,41420,999,,,Census Tract 101,1477,535,1811,589,1477,1811
41047010202,140,41,047,41420,999,,,Census Tract 102.02,7205,2572,6245,2274,7205,6245
41047010303,140,41,047,41420,999,,,Census Tract 103.03,4834,1392,4533,1245,4834,4533
41047010304,140,41,047,41420,999,,,Census Tract 103.04,6435,1635,5582,1494,6435,5582
41047010305,140,41,047,41420,999,,,Census Tract 103.05,4509,1172,4358,1103,4509,4358
41047010307,140,41,047,41420,999,,,Census Tract 103.07,5724,2754,4457,2164,5724,4457
41047010400,140,41,047,41420,999,,,Census Tract 104,4999,1779,4940,1605,4999,4940
41047010501,140,41,047,41420,999,,,Census Tract 105.01,5436,2150,4934,1790,5436,4934
41047010502,140,41,047,41420,999,,,Census Tract 105.02,5953,2347,4870,1863,5953,4870
41047010503,140,41,047,41420,999,,,Census Tract 105.03,3870,1487,3910,1411,3870,3910
41047010701,140,41,047,41420,999,,,Census Tract 107.01,7922,3166,7051,2744,7922,7051
41047010801,140,41,047,41420,999,,,Census Tract 108.01,5992,2153,5712,2012,5992,5712
41047010802,140,41,047,41420,999,,,Census Tract 108.02,6040,2275,5359,1985,6040,5359
41049970100,140,41,049,37820,999,,,Census Tract 9701,7997,2757,7597,2630,7997,7597
41049970200,140,41,049,37820,999,,,Census Tract 9702,3176,1685,3398,1646,3176,3398
41051000100,140,41,051,38900,999,,,Census Tract 1,5927,2973,5211,2594,5927,5211
41051000301,140,41,051,38900,999,,,Census Tract 3.01,5041,2261,4595,2188,5041,4595
41051000302,140,41,051,38900,999,,,Census Tract 3.02,6709,2678,6653,2640,6709,6653
41051000401,140,41,051,38900,999,,,Census Tract 4.01,3418,1519,3223,1483,3418,3223
41051000501,140,41,051,38900,999,,,Census Tract 5.01,3732,1607,3667,1508,3732,3667
41051000502,140,41,051,38900,999,,,Census Tract 5.02,4561,1949,4297,1827,4561,4297
41051000601,140,41,051,38900,999,,,Census Tract 6.01,5368,1953,4936,1827,5368,4936
41051000602,140,41,051,38900,999,,,Census Tract 6.02,5119,1946,4759,1770,5119,4759
41051000701,140,41,051,38900,999,,,Census Tract 7.01,4254,2000,4396,1910,4254,4396
41051000801,140,41,051,38900,999,,,Census Tract 8.01,4518,2037,4556,2005,4518,4556
41051000802,140,41,051,38900,999,,,Census Tract 8.02,4526,2131,4600,2066,4526,4600
41051000902,140,41,051,38900,999,,,Census Tract 9.02,4482,2108,4458,1971,4482,4458
41051001102,140,41,051,38900,999,,,Census Tract 11.02,1334,703,1352,713,1334,1352
41051001201,140,41,051,38900,999,,,Census Tract 12.01,4865,2814,4568,2615,4865,4568
41051001202,140,41,051,38900,999,,,Census Tract 12.02,3232,1546,2989,1489,3232,2989
41051001301,140,41,051,38900,999,,,Census Tract 13.01,3802,1957,3621,1828,3802,3621
41051001302,140,41,051,38900,999,,,Census Tract 13.02,2946,1289,2730,1268,2946,2730
41051001400,140,41,051,38900,999,,,Census Tract 14,4679,2287,4614,2170,4679,4614
41051001500,140,41,051,38900,999,,,Census Tract 15,3271,1418,3229,1401,3271,3229
41051001601,140,41,051,38900,999,,,Census Tract 16.01,5961,2726,6190,2581,5961,6190
41051001602,140,41,051,38900,999,,,Census Tract 16.02,4376,1750,3967,1599,4376,3967
41051001801,140,41,051,38900,999,,,Census Tract 18.01,4053,2066,3482,1720,4053,3482
41051001802,140,41,051,38900,999,,,Census Tract 18.02,3364,1647,3164,1562,3364,3164
41051001900,140,41,051,38900,999,,,Census Tract 19,4859,1964,4720,1959,4859,4720
41051002000,140,41,051,38900,999,,,Census Tract 20,5358,3164,5350,3113,5358,5350
41051002100,140,41,051,38900,999,,,Census Tract 21,2577,1439,2283,1335,2577,2283
41051002401,140,41,051,38900,999,,,Census Tract 24.01,2765,1155,2782,1148,2765,2782
41051002402,140,41,051,38900,999,,,Census Tract 24.02,3310,2181,3201,2081,3310,3201
41051002501,140,41,051,38900,999,,,Census Tract 25.01,4573,1752,4531,1742,4573,4531
41051002502,140,41,051,38900,999,,,Census Tract 25.02,3872,2096,3835,2087,3872,3835
41051002600,140,41,051,38900,999,,,Census Tract 26,2689,1101,2540,1092,2689,2540
41051002701,140,41,051,38900,999,,,Census Tract 27.01,3068,1214,2950,1210,3068,2950
41051002801,140,41,051,38900,999,,,Census Tract 28.01,2849,1264,2870,1260,2849,2870
41051002901,140,41,051,38900,999,,,Census Tract 29.01,4428,2060,4463,1997,4428,4463
41051002902,140,41,051,38900,999,,,Census Tract 29.02,5325,2531,5897,2511,5325,5897
41051002903,140,41,051,38900,999,,,Census Tract 29.03,5314,2163,4589,1736,5314,4589
41051003000,140,41,051,38900,999,,,Census Tract 30,4443,1989,4408,1944,4443,4408
41051003100,140,41,051,38900,999,,,Census Tract 31,4547,1932,4525,1888,4547,4525
41051003601,140,41,051,38900,999,,,Census Tract 36.01,4422,1887,4537,1803,4422,4537
41051003602,140,41,051,38900,999,,,Census Tract 36.02,6085,2373,6115,2371,6085,6115
41051003702,140,41,051,38900,999,,,Census Tract 37.02,2420,984,2285,946,2420,2285
41051003801,140,41,051,38900,999,,,Census Tract 38.01,2907,1342,2776,1236,2907,2776
41051003802,140,41,051,38900,999,,,Census Tract 38.02,2965,1341,2903,1280,2965,2903
41051003803,140,41,051,38900,999,,,Census Tract 38.03,3933,1754,4026,1711,3933,4026
41051003901,140,41,051,38900,999,,,Census Tract 39.01,7151,2902,6606,2616,7151,6606
41051004001,140,41,051,38900,999,,,Census Tract 40.01,7490,2750,6240,2254,7490,6240
41051004002,140,41,051,38900,999,,,Census Tract 40.02,5802,1731,5020,1686,5802,5020
41051004101,140,41,051,38900,999,,,Census Tract 41.01,7215,2843,6544,2464,7215,6544
41051004102,140,41,051,38900,999,,,Census Tract 41.02,4966,2266,4739,1991,4966,4739
41051004200,140,41,051,38900,999,,,Census Tract 42,3333,1692,3042,1400,3333,3042
41051004300,140,41,051,38900,999,,,Census Tract 43,1069,501,1005,425,1069,1005
41051004500,140,41,051,38900,999,,,Census Tract 45,1893,1197,1680,970,1893,1680
41051004602,140,41,051,38900,999,,,Census Tract 46.02,2011,875,1864,869,2011,1864
41051004700,140,41,051,38900,999,,,Census Tract 47,4068,2698,3828,2475,4068,3828
41051004800,140,41,051,38900,999,,,Census Tract 48,2758,2174,2722,2142,2758,2722
41051005000,140,41,051,38900,999,,,Census Tract 50,2291,1982,690,531,2291,690
41051005200,140,41,051,38900,999,,,Census Tract 52,4525,3578,3878,3143,4525,3878
41051005600,140,41,051,38900,999,,,Census Tract 56,5097,2818,3753,2583,5097,3753
41051005700,140,41,051,38900,999,,,Census Tract 57,3430,2504,2408,2120,3430,2408
41051005800,140,41,051,38900,999,,,Census Tract 58,4847,2605,4649,2470,4847,4649
41051005900,140,41,051,38900,999,,,Census Tract 59,5800,4033,3877,2448,5800,3877
41051006001,140,41,051,38900,999,,,Census Tract 60.01,1390,725,1364,747,1390,1364
41051006002,140,41,051,38900,999,,,Census Tract 60.02,2118,988,1930,920,2118,1930
41051006100,140,41,051,38900,999,,,Census Tract 61,2337,1032,2206,1013,2337,2206
41051006200,140,41,051,38900,999,,,Census Tract 62,2848,1303,2673,1258,2848,2673
41051006300,140,41,051,38900,999,,,Census Tract 63,4996,1650,4757,1621,4996,4757
41051006402,140,41,051,38900,999,,,Census Tract 64.02,5609,2311,10663,4897,5609,10663
41051006403,140,41,051,38900,999,,,Census Tract 64.03,3915,1772,3683,1612,3915,3683
41051006501,140,41,051,38900,999,,,Census Tract 65.01,5898,2476,5586,2329,5898,5586
41051006502,140,41,051,38900,999,,,Census Tract 65.02,4086,2156,3626,1829,4086,3626
41051006601,140,41,051,38900,999,,,Census Tract 66.01,2513,1110,2558,1056,2513,2558
41051006602,140,41,051,38900,999,,,Census Tract 66.02,4821,2455,4610,2349,4821,4610
41051006701,140,41,051,38900,999,,,Census Tract 67.01,3053,1403,7316,3541,3053,7316
41051006702,140,41,051,38900,999,,,Census Tract 67.02,3061,1437,3034,1422,3061,3034
41051006801,140,41,051,38900,999,,,Census Tract 68.01,2176,1058,2174,1020,2176,2174
41051007000,140,41,051,38900,999,,,Census Tract 70,8181,3314,10776,4186,8181,10776
41051007100,140,41,051,38900,999,,,Census Tract 71,2759,1313,7466,3038,2759,7466
41051007201,140,41,051,38900,999,,,Census Tract 72.01,2270,1539,2130,1449,2270,2130
41051007202,140,41,051,38900,999,,,Census Tract 72.02,2579,1276,1951,1198,2579,1951
41051007300,140,41,051,38900,999,,,Census Tract 73,1948,247,2034,272,1948,2034
41051007500,140,41,051,38900,999,,,Census Tract 75,5080,2019,4937,1910,5080,4937
41051007600,140,41,051,38900,999,,,Census Tract 76,3562,1362,3760,1464,3562,3760
41051007700,140,41,051,38900,999,,,Census Tract 77,1977,834,1968,848,1977,1968
41051007800,140,41,051,38900,999,,,Census Tract 78,1761,754,1707,732,1761,1707
41051007900,140,41,051,38900,999,,,Census Tract 79,4530,1864,4059,1786,4530,4059
41051008001,140,41,051,38900,999,,,Census Tract 80.01,3245,1417,3377,1411,3245,3377
41051008002,140,41,051,38900,999,,,Census Tract 80.02,3050,1157,3018,1149,3050,3018
41051008201,140,41,051,38900,999,,,Census Tract 82.01,3022,1336,2552,1011,3022,2552
41051008202,140,41,051,38900,999,,,Census Tract 82.02,7583,3175,5722,2370,7583,5722
41051008301,140,41,051,38900,999,,,Census Tract 83.01,4334,1724,2687,1221,4334,2687
41051008400,140,41,051,38900,999,,,Census Tract 84,4555,1745,3288,1315,4555,3288
41051008500,140,41,051,38900,999,,,Census Tract 85,4275,1452,3615,1274,4275,3615
41051008600,140,41,051,38900,999,,,Census Tract 86,4333,1620,3405,1417,4333,3405
41051008700,140,41,051,38900,999,,,Census Tract 87,4539,1860,4371,1708,4539,4371
41051008800,140,41,051,38900,999,,,Census Tract 88,4070,1611,3663,1475,4070,3663
41051008901,140,41,051,38900,999,,,Census Tract 89.01,9415,3143,5698,2065,9415,5698
41051008902,140,41,051,38900,999,,,Census Tract 89.02,3984,1579,3678,1519,3984,3678
41051009000,140,41,051,38900,999,,,Census Tract 90,9621,3392,7368,2660,9621,7368
41051009101,140,41,051,38900,999,,,Census Tract 91.01,5550,2082,4805,1942,5550,4805
41051009102,140,41,051,38900,999,,,Census Tract 91.02,6453,2265,5063,1879,6453,5063
41051009201,140,41,051,38900,999,,,Census Tract 92.01,8103,2994,6786,2729,8103,6786
41051009202,140,41,051,38900,999,,,Census Tract 92.02,4657,1666,4028,1494,4657,4028
41051009302,140,41,051,38900,999,,,Census Tract 93.02,4425,1708,3418,1380,4425,3418
41051009400,140,41,051,38900,999,,,Census Tract 94,6659,3020,6684,3000,6659,6684
41051009502,140,41,051,38900,999,,,Census Tract 95.02,4359,1717,4135,1731,4359,4135
41051009603,140,41,051,38900,999,,,Census Tract 96.03,3752,1337,3340,1303,3752,3340
41051009604,140,41,051,38900,999,,,Census Tract 96.04,5013,1900,4757,1844,5013,4757
41051009605,140,41,051,38900,999,,,Census Tract 96.05,5569,2300,4523,1878,5569,4523
41051009606,140,41,051,38900,999,,,Census Tract 96.06,5251,1893,4721,1762,5251,4721
41051009702,140,41,051,38900,999,,,Census Tract 97.02,8199,2826,7013,2596,8199,7013
41051009801,140,41,051,38900,999,,,Census Tract 98.01,4562,1542,4482,1457,4562,4482
41051009803,140,41,051,38900,999,,,Census Tract 98.03,6892,2692,6030,2452,6892,6030
41051009804,140,41,051,38900,999,,,Census Tract 98.04,3183,1167,2972,1078,3183,2972
41051009903,140,41,051,38900,999,,,Census Tract 99.03,6219,2130,4980,1704,6219,4980
41051009904,140,41,051,38900,999,,,Census Tract 99.04,3634,1537,3719,1555,3634,3719
41051009905,140,41,051,38900,999,,,Census Tract 99.05,3084,1213,3157,1227,3084,3157
41051009906,140,41,051,38900,999,,,Census Tract 99.06,3504,1314,3079,1129,3504,3079
41051009907,140,41,051,38900,999,,,Census Tract 99.07,5119,1996,4497,1715,5119,4497
41051010001,140,41,051,38900,999,,,Census Tract 100.01,5629,2591,3715,1557,5629,3715
41051010002,140,41,051,38900,999,,,Census Tract 100.02,4994,2060,3594,1449,4994,3594
41051010100,140,41,051,38900,999,,,Census Tract 101,8761,3747,6255,2536,8761,6255
41051010200,140,41,051,38900,999,,,Census Tract 102,6029,2560,4875,2358,6029,4875
41051010303,140,41,051,38900,999,,,Census Tract 103.03,5728,2216,4528,1616,5728,4528
41051010304,140,41,051,38900,999,,,Census Tract 103.04,4661,1512,4137,1409,4661,4137
41051010305,140,41,051,38900,999,,,Census Tract 103.05,4077,1548,4217,1541,4077,4217
41051010306,140,41,051,38900,999,,,Census Tract 103.06,4676,1701,3798,1364,4676,3798
41051010405,140,41,051,38900,999,,,Census Tract 104.05,5892,2415,5605,2230,5892,5605
41051010407,140,41,051,38900,999,,,Census Tract 104.07,5524,1944,5370,1823,5524,5370
41051010408,140,41,051,38900,999,,,Census Tract 104.08,6110,2409,5035,2156,6110,5035
41051010409,140,41,051,38900,999,,,Census Tract 104.09,7436,2734,5077,1838,7436,5077
41051010410,140,41,051,38900,999,,,Census Tract 104.10,4477,1976,4310,1973,4477,4310
41051010411,140,41,051,38900,999,,,Census Tract 104.11,3002,1300,2890,1297,3002,2890
41051010500,140,41,051,38900,999,,,Census Tract 105,3926,1518,3751,1382,3926,3751
41051010600,140,41,051,38900,999,,,Census Tract 106,3442,2042,3129,1775,3442,3129
41051980000,140,41,051,38900,999,,,Census Tract 9800,8,0,10,0,8,10
41053005100,140,41,053,41420,999,,,Census Tract 51,2194,936,2105,929,2194,2105
41053005201,140,41,053,41420,999,,,Census Tract 52.01,8827,3592,5765,2342,8827,5765
41053005202,140,41,053,41420,999,,,Census Tract 52.02,9136,3808,7173,2973,9136,7173
41053005300,140,41,053,41420,999,,,Census Tract 53,8580,3552,7411,3016,8580,7411
41053020202,140,41,053,41420,999,,,Census Tract 202.02,6142,2710,5137,2141,6142,5137
41053020204,140,41,053,41420,999,,,Census Tract 202.04,4510,1805,4328,1656,4510,4328
41053020302,140,41,053,41420,999,,,Census Tract 203.02,9647,3398,7891,2759,9647,7891
41053020304,140,41,053,41420,999,,,Census Tract 203.04,6538,2708,5118,2099,6538,5118
41053020400,140,41,053,41420,999,,,Census Tract 204,5977,2502,5730,2273,5977,5730
41053020500,140,41,053,41420,999,,,Census Tract 205,6569,2634,5361,1986,6569,5361
41057960100,140,41,057,99999,999,,,Census Tract 9601,3553,3829,3076,3051,3553,3076
41057960300,140,41,057,99999,999,,,Census Tract 9603,2352,1196,2367,1102,2352,2367
41057960400,140,41,057,99999,999,,,Census Tract 9604,7664,3214,7070,2885,7664,7070
41057960600,140,41,057,99999,999,,,Census Tract 9606,2152,1930,2166,1671,2152,2166
41057960700,140,41,057,99999,999,,,Census Tract 9607,2440,1923,2438,1571,2440,2438
41057960800,140,41,057,99999,999,,,Census Tract 9608,2484,2229,2448,1942,2484,2448
41057990100,140,41,057,99999,999,,,Census Tract 9901,0,0,0,0,0,0
41059940000,140,41,059,37820,999,,,Census Tract 9400,3027,1178,2927,1065,3027,2927
41059950100,140,41,059,37820,999,,,Census Tract 9501,4231,2286,4483,2240,4231,4483
41059950200,140,41,059,37820,999,,,Census Tract 9502,7643,2974,7117,2745,7643,7117
41059950400,140,41,059,37820,999,,,Census Tract 9504,6256,2029,6274,2018,6256,6274
41059950500,140,41,059,37820,999,,,Census Tract 9505,4403,1923,4617,1852,4403,4617
41059950600,140,41,059,37820,999,,,Census Tract 9506,6206,2797,6228,2635,6206,6228
41059950800,140,41,059,37820,999,,,Census Tract 9508,7881,2155,6606,2068,7881,6606
41059950900,140,41,059,37820,999,,,Census Tract 9509,4206,1555,3534,1368,4206,3534
41059951000,140,41,059,37820,999,,,Census Tract 9510,6259,2373,5286,2057,6259,5286
41059951100,140,41,059,37820,999,,,Census Tract 9511,5602,2205,4766,1975,5602,4766
41059951200,140,41,059,37820,999,,,Census Tract 9512,8814,3206,7031,2740,8814,7031
41061970100,140,41,061,29260,999,,,Census Tract 9701,3247,1580,3120,1391,3247,3120
41061970200,140,41,061,29260,999,,,Census Tract 9702,3269,1495,3144,1398,3269,3144
41061970300,140,41,061,29260,999,,,Census Tract 9703,2224,958,1951,788,2224,1951
41061970400,140,41,061,29260,999,,,Census Tract 9704,2940,1241,2868,1210,2940,2868
41061970700,140,41,061,29260,999,,,Census Tract 9707,3239,1447,2799,1333,3239,2799
41061970800,140,41,061,29260,999,,,Census Tract 9708,3673,1636,3371,1518,3673,3371
41063960100,140,41,063,99999,999,,,Census Tract 9601,1957,1277,2062,1183,1957,2062
41065970100,140,41,065,45520,999,,,Census Tract 9701,3988,1675,3627,1498,3988,3627
41065970200,140,41,065,45520,999,,,Census Tract 9702,2899,1279,2885,1254,2899,2885
41065970400,140,41,065,45520,999,,,Census Tract 9704,2943,1322,2566,1095,2943,2566
41065970500,140,41,065,45520,999,,,Census Tract 9705,3491,1428,3236,1384,3491,3236
41065970600,140,41,065,45520,999,,,Census Tract 9706,2859,1379,2749,1230,2859,2749
41065970700,140,41,065,45520,999,,,Census Tract 9707,1722,768,1840,711,1722,1840
41065970800,140,41,065,45520,999,,,Census Tract 9708,4452,2459,4204,2332,4452,4204
41067030101,140,41,067,38900,999,,,Census Tract 301.01,7544,4120,5779,2898,7544,5779
41067030102,140,41,067,38900,999,,,Census Tract 301.02,4713,2148,5805,2431,4713,5805
41067030300,140,41,067,38900,999,,,Census Tract 303,4520,1970,6939,2988,4520,6939
41067030401,140,41,067,38900,999,,,Census Tract 304.01,4343,2223,4154,2041,4343,4154
41067030402,140,41,067,38900,999,,,Census Tract 304.02,4417,2254,4300,2229,4417,4300
41067030501,140,41,067,38900,999,,,Census Tract 305.01,5311,2389,4797,2224,5311,4797
41067030502,140,41,067,38900,999,,,Census Tract 305.02,3792,1763,3341,1591,3792,3341
41067030600,140,41,067,38900,999,,,Census Tract 306,5236,2397,5145,2238,5236,5145
41067030700,140,41,067,38900,999,,,Census Tract 307,1435,692,1508,723,1435,1508
41067030801,140,41,067,38900,999,,,Census Tract 308.01,6774,2847,5713,2426,6774,5713
41067030803,140,41,067,38900,999,,,Census Tract 308.03,4852,2665,4511,2533,4852,4511
41067030805,140,41,067,38900,999,,,Census Tract 308.05,3656,1784,3429,1627,3656,3429
41067030806,140,41,067,38900,999,,,Census Tract 308.06,2604,974,2442,889,2604,2442
41067031003,140,41,067,38900,999,,,Census Tract 310.03,7390,3046,7644,3004,7390,7644
41067031004,140,41,067,38900,999,,,Census Tract 310.04,6967,3122,6869,2767,6967,6869
41067031005,140,41,067,38900,999,,,Census Tract 310.05,5800,2233,5424,2153,5800,5424
41067031006,140,41,067,38900,999,,,Census Tract 310.06,6241,2961,6065,2806,6241,6065
41067031100,140,41,067,38900,999,,,Census Tract 311,2629,1177,2458,1142,2629,2458
41067031200,140,41,067,38900,999,,,Census Tract 312,7137,3202,6719,3043,7137,6719
41067031300,140,41,067,38900,999,,,Census Tract 313,7201,3164,6609,2879,7201,6609
41067031402,140,41,067,38900,999,,,Census Tract 314.02,2911,1331,2629,1336,2911,2629
41067031404,140,41,067,38900,999,,,Census Tract 314.04,4728,2036,5284,2287,4728,5284
41067031504,140,41,067,38900,999,,,Census Tract 315.04,6259,2760,6190,2554,6259,6190
41067031506,140,41,067,38900,999,,,Census Tract 315.06,3795,1545,3880,1585,3795,3880
41067031507,140,41,067,38900,999,,,Census Tract 315.07,5153,2295,4984,2100,5153,4984
41067031508,140,41,067,38900,999,,,Census Tract 315.08,7507,2746,8570,3262,7507,8570
41067031509,140,41,067,38900,999,,,Census Tract 315.09,3202,1357,1960,759,3202,1960
41067031512,140,41,067,38900,999,,,Census Tract 315.12,7535,2795,5177,1896,7535,5177
41067031513,140,41,067,38900,999,,,Census Tract 315.13,11399,3865,7495,2649,11399,7495
41067031514,140,41,067,38900,999,,,Census Tract 315.14,6634,2702,4362,1852,6634,4362
41067031606,140,41,067,38900,999,,,Census Tract 316.06,6174,2205,5176,1890,6174,5176
41067031609,140,41,067,38900,999,,,Census Tract 316.09,8468,3890,5610,2715,8468,5610
41067031610,140,41,067,38900,999,,,Census Tract 316.10,7458,3271,6546,2985,7458,6546
41067031611,140,41,067,38900,999,,,Census Tract 316.11,7147,3029,6344,2624,7147,6344
41067031612,140,41,067,38900,999,,,Census Tract 316.12,3174,1183,1589,550,3174,1589
41067031613,140,41,067,38900,999,,,Census Tract 316.13,6902,2899,4973,2012,6902,4973
41067031614,140,41,067,38900,999,,,Census Tract 316.14,4901,1646,4409,1483,4901,4409
41067031615,140,41,067,38900,999,,,Census Tract 316.15,5430,1767,4884,1591,5430,4884
41067031616,140,41,067,38900,999,,,Census Tract 316.16,3112,1786,2695,1635,3112,2695
41067031617,140,41,067,38900,999,,,Census Tract 316.17,4716,2516,4085,2303,4716,4085
41067031704,140,41,067,38900,999,,,Census Tract 317.04,8379,3009,6744,2343,8379,6744
41067031705,140,41,067,38900,999,,,Census Tract 317.05,4891,1843,3837,1581,4891,3837
41067031706,140,41,067,38900,999,,,Census Tract 317.06,5030,2034,4508,1885,5030,4508
41067031804,140,41,067,38900,999,,,Census Tract 318.04,5751,2067,4534,1622,5751,4534
41067031805,140,41,067,38900,999,,,Census Tract 318.05,7002,2450,5948,2047,7002,5948
41067031806,140,41,067,38900,999,,,Census Tract 318.06,5505,2033,5203,1889,5505,5203
41067031807,140,41,067,38900,999,,,Census Tract 318.07,3641,1638,3519,1573,3641,3519
41067031812,140,41,067,38900,999,,,Census Tract 318.12,5479,2798,3853,1927,5479,3853
41067031813,140,41,067,38900,999,,,Census Tract 318.13,5721,2272,4024,1565,5721,4024
41067031814,140,41,067,38900,999,,,Census Tract 318.14,3992,1310,3205,987,3992,3205
41067031815,140,41,067,38900,999,,,Census Tract 318.15,6422,2585,5157,1947,6422,5157
41067031904,140,41,067,38900,999,,,Census Tract 319.04,2880,1066,2758,997,2880,2758
41067031907,140,41,067,38900,999,,,Census Tract 319.07,5486,3084,4043,2430,5486,4043
41067031908,140,41,067,38900,999,,,Census Tract 319.08,6896,2543,5082,2004,6896,5082
41067031909,140,41,067,38900,999,,,Census Tract 319.09,4714,1585,3758,1263,4714,3758
41067031910,140,41,067,38900,999,,,Census Tract 319.10,7993,3060,6372,2439,7993,6372
41067031911,140,41,067,38900,999,,,Census Tract 319.11,4839,2026,4731,1932,4839,4731
41067031912,140,41,067,38900,999,,,Census Tract 319.12,4446,1662,4346,1585,4446,4346
41067032001,140,41,067,38900,999,,,Census Tract 320.01,5445,2314,4970,2020,5445,4970
41067032005,140,41,067,38900,999,,,Census Tract 320.05,4169,1759,3917,1669,4169,3917
41067032103,140,41,067,38900,999,,,Census Tract 321.03,10190,3790,6344,2511,10190,6344
41067032104,140,41,067,38900,999,,,Census Tract 321.04,4822,1673,4385,1512,4822,4385
41067032107,140,41,067,38900,999,,,Census Tract 321.07,1919,739,2011,736,1919,2011
41067032108,140,41,067,38900,999,,,Census Tract 321.08,4203,1546,4404,1539,4203,4404
41067032110,140,41,067,38900,999,,,Census Tract 321.10,3553,869,1172,428,3553,1172
41067032200,140,41,067,38900,999,,,Census Tract 322,7645,2801,5146,1899,7645,5146
41067032300,140,41,067,38900,999,,,Census Tract 323,4495,1562,2768,947,4495,2768
41067032404,140,41,067,38900,999,,,Census Tract 324.04,7260,2499,6498,2254,7260,6498
41067032406,140,41,067,38900,999,,,Census Tract 324.06,8505,3071,7047,2653,8505,7047
41067032407,140,41,067,38900,999,,,Census Tract 324.07,5174,1822,2954,1050,5174,2954
41067032408,140,41,067,38900,999,,,Census Tract 324.08,6379,2502,3643,1443,6379,3643
41067032409,140,41,067,38900,999,,,Census Tract 324.09,5336,1544,4905,1298,5336,4905
41067032410,140,41,067,38900,999,,,Census Tract 324.10,4005,1333,3682,1121,4005,3682
41067032501,140,41,067,38900,999,,,Census Tract 325.01,3481,980,2399,689,3481,2399
41067032603,140,41,067,38900,999,,,Census Tract 326.03,7144,2451,6377,2181,7144,6377
41067032604,140,41,067,38900,999,,,Census Tract 326.04,6111,2277,5664,1924,6111,5664
41067032606,140,41,067,38900,999,,,Census Tract 326.06,6440,2273,6147,2191,6440,6147
41067032607,140,41,067,38900,999,,,Census Tract 326.07,3368,2082,2228,1400,3368,2228
41067032608,140,41,067,38900,999,,,Census Tract 326.08,2198,1043,1454,701,2198,1454
41067032609,140,41,067,38900,999,,,Census Tract 326.09,2153,934,1424,628,2153,1424
41067032610,140,41,067,38900,999,,,Census Tract 326.10,2875,931,1902,626,2875,1902
41067032700,140,41,067,38900,999,,,Census Tract 327,4800,1951,4544,1727,4800,4544
41067032901,140,41,067,38900,999,,,Census Tract 329.01,5598,1848,3858,1421,5598,3858
41067032902,140,41,067,38900,999,,,Census Tract 329.02,7568,2213,7059,2142,7568,7059
41067033000,140,41,067,38900,999,,,Census Tract 330,5486,2107,5599,1984,5486,5599
41067033101,140,41,067,38900,999,,,Census Tract 331.01,2845,1180,2834,1159,2845,2834
41067033102,140,41,067,38900,999,,,Census Tract 331.02,3277,1217,3264,1195,3277,3264
41067033200,140,41,067,38900,999,,,Census Tract 332,6452,2361,5880,2187,6452,5880
41067033301,140,41,067,38900,999,,,Census Tract 333.01,5397,1961,4153,1520,5397,4153
41067033302,140,41,067,38900,999,,,Census Tract 333.02,4790,1719,3685,1333,4790,3685
41067033400,140,41,067,38900,999,,,Census Tract 334,2281,883,2222,811,2281,2222
41067033500,140,41,067,38900,999,,,Census Tract 335,3867,1417,3315,1247,3867,3315
41071030101,140,41,071,38900,999,,,Census Tract 301.01,5662,2147,4251,1575,5662,4251
41071030201,140,41,071,38900,999,,,Census Tract 302.01,6060,2096,5849,1824,6060,5849
41071030202,140,41,071,38900,999,,,Census Tract 302.02,6125,2465,5663,2190,6125,5663
41071030301,140,41,071,38900,999,,,Census Tract 303.01,9628,3577,8062,2880,9628,8062
41071030400,140,41,071,38900,999,,,Census Tract 304,7603,2950,6897,2486,7603,6897
41071030501,140,41,071,38900,999,,,Census Tract 305.01,6249,1817,5965,1549,6249,5965
41071030601,140,41,071,38900,999,,,Census Tract 306.01,3485,1416,2281,904,3485,2281
41071030602,140,41,071,38900,999,,,Census Tract 306.02,5881,2160,3850,1378,5881,3850
41071030701,140,41,071,38900,999,,,Census Tract 307.01,7712,3268,6035,2402,7712,6035
41071030702,140,41,071,38900,999,,,Census Tract 307.02,7570,2961,7156,2660,7570,7156
41071030801,140,41,071,38900,999,,,Census Tract 308.01,5383,2255,5272,2140,5383,5272
41071030802,140,41,071,38900,999,,,Census Tract 308.02,4530,1282,4261,1241,4530,4261
41001950200,140,41,001,99999,999,,,Census Tract 9502,3145,1524,3291,1413,3145,3291
41003000400,140,41,003,18700,102,,,Census Tract 4,7820,3422,7240,3073,7820,7240
41003001102,140,41,003,18700,102,,,Census Tract 11.02,4519,2211,4539,2053,4519,4539
41003010200,140,41,003,18700,102,,,Census Tract 102,4090,1663,9463,3669,4090,9463
41003010800,140,41,003,18700,102,,,Census Tract 108,3455,1428,3495,1312,3455,3495
41005020100,140,41,005,38900,999,,,Census Tract 201,3870,1805,8635,3343,3870,8635
41005020401,140,41,005,38900,999,,,Census Tract 204.01,5059,2152,5169,2072,5059,5169
41005020404,140,41,005,38900,999,,,Census Tract 204.04,3708,1542,3712,1432,3708,3712
41005020700,140,41,005,38900,999,,,Census Tract 207,3781,1498,3789,1431,3781,3789
41005020800,140,41,005,38900,999,,,Census Tract 208,3989,2091,3927,2089,3989,3927
41005021602,140,41,005,38900,999,,,Census Tract 216.02,4924,2080,4926,1942,4924,4926
41005021700,140,41,005,38900,999,,,Census Tract 217,6082,2813,6141,2797,6082,6141
41005021801,140,41,005,38900,999,,,Census Tract 218.01,5612,2152,5113,1934,5612,5113
41005021802,140,41,005,38900,999,,,Census Tract 218.02,4300,1919,4059,1798,4300,4059
41005022101,140,41,005,38900,999,,,Census Tract 221.01,6592,2662,6569,2595,6592,6569
41005022206,140,41,005,38900,999,,,Census Tract 222.06,6412,2486,4137,1524,6412,4137
41005022707,140,41,005,38900,999,,,Census Tract 227.07,3835,1743,2952,1263,3835,2952
41005023002,140,41,005,38900,999,,,Census Tract 230.02,3570,1372,3597,1290,3570,3597
41005023401,140,41,005,38900,999,,,Census Tract 234.01,4416,1743,4375,1615,4416,4375
41005023403,140,41,005,38900,999,,,Census Tract 234.03,4931,1932,3145,1183,4931,3145
41005024200,140,41,005,38900,999,,,Census Tract 242,5529,2280,5362,1999,5529,5362
41007950100,140,41,007,11820,999,,,Census Tract 9501,3126,1533,3368,1548,3126,3368
41007950200,140,41,007,11820,999,,,Census Tract 9502,3663,2071,3731,2022,3663,3731
41007950300,140,41,007,11820,999,,,Census Tract 9503,3039,1397,3276,1310,3039,3276
41007951100,140,41,007,11820,999,,,Census Tract 9511,4572,3764,4191,3343,4572,4191
41007951300,140,41,007,11820,999,,,Census Tract 9513,2323,1255,2225,1046,2323,2225
41009970300,140,41,009,38900,999,,,Census Tract 9703,4257,1918,4040,1691,4257,4040
41009970700,140,41,009,38900,999,,,Census Tract 9707,4169,1784,4110,1690,4169,4110
41011000400,140,41,011,18300,999,,,Census Tract 4,6354,2871,6155,2699,6354,6155
41011000502,140,41,011,18300,999,,,Census Tract 5.02,2876,1444,2935,1423,2876,2935
41011000600,140,41,011,18300,999,,,Census Tract 6,2604,1196,2497,1084,2604,2497
41011000900,140,41,011,18300,999,,,Census Tract 9,7385,3391,7905,3528,7385,7905
41011001000,140,41,011,18300,999,,,Census Tract 10,6814,3822,6682,3434,6814,6682
41013950300,140,41,013,39260,140,,,Census Tract 9503,5566,2703,5740,2420,5566,5740
41015950100,140,41,015,15060,999,,,Census Tract 9501,3106,2000,3055,1740,3106,3055
41017000200,140,41,017,13460,140,,,Census Tract 2,4595,2906,3418,2048,4595,3418
41017000500,140,41,017,13460,140,,,Census Tract 5,5921,4303,4495,3280,5921,4495
41017000700,140,41,017,13460,140,,,Census Tract 7,7670,3255,5375,2108,7670,5375
41017000800,140,41,017,13460,140,,,Census Tract 8,6426,2768,4112,1807,6426,4112
41017001600,140,41,017,13460,140,,,Census Tract 16,5187,2693,4601,2086,5187,4601
41017001901,140,41,017,13460,140,,,Census Tract 19.01,1642,697,1190,447,1642,1190
41017001902,140,41,017,13460,140,,,Census Tract 19.02,8205,3627,5944,2328,8205,5944
41019010000,140,41,019,40700,999,,,Census Tract 100,2319,1401,2371,1340,2319,2371
41019030000,140,41,019,40700,999,,,Census Tract 300,3970,1878,3785,1719,3970,3785
41019050001,140,41,019,40700,999,,,Census Tract 500.01,4560,2007,3860,1624,4560,3860
41019050002,140,41,019,40700,999,,,Census Tract 500.02,6865,3143,6437,2865,6865,6437
41019060000,140,41,019,40700,999,,,Census Tract 600,3558,1545,3347,1333,3558,3347
41019190000,140,41,019,40700,999,,,Census Tract 1900,4504,1926,3980,1644,4504,3980
41025960200,140,41,025,99999,999,,,Census Tract 9602,2141,1152,1988,987,2141,1988
41029000203,140,41,029,32780,999,,,Census Tract 2.03,3956,1554,3754,1469,3956,3754
41029000405,140,41,029,32780,999,,,Census Tract 4.05,4016,1742,3789,1608,4016,3789
41029000501,140,41,029,32780,999,,,Census Tract 5.01,2872,1466,2810,1385,2872,2810
41029000502,140,41,029,32780,999,,,Census Tract 5.02,5264,2511,5151,2374,5264,5151
41029002000,140,41,029,32780,999,,,Census Tract 20,1976,1304,2075,1213,1976,2075
41029002300,140,41,029,32780,999,,,Census Tract 23,1712,802,1666,704,1712,1666
41029002500,140,41,029,32780,999,,,Census Tract 25,2547,1284,2493,1155,2547,2493
41029002800,140,41,029,32780,999,,,Census Tract 28,4686,2023,4605,1872,4686,4605
41031940000,140,41,031,99999,999,,,Census Tract 9400,3133,802,2627,675,3133,2627
41031960100,140,41,031,99999,999,,,Census Tract 9601,2187,713,1400,648,2187,1400
41033360100,140,41,033,24420,999,,,Census Tract 3601,2038,998,1936,905,2038,1936
41033360600,140,41,033,24420,999,,,Census Tract 3606,6493,2850,6150,2494,6493,6150
41033361200,140,41,033,24420,999,,,Census Tract 3612,6980,3137,6132,2685,6980,6132
41033361400,140,41,033,24420,999,,,Census Tract 3614,2648,1263,2829,1246,2648,2829
41033361500,140,41,033,24420,999,,,Census Tract 3615,2571,1249,2685,1160,2571,2685
41035970100,140,41,035,28900,999,,,Census Tract 9701,3038,2737,2814,1978,3038,2814
41035970200,140,41,035,28900,999,,,Census Tract 9702,4723,2960,4302,2102,4723,4302
41035970600,140,41,035,28900,999,,,Census Tract 9706,1608,624,1330,495,1608,1330
41035971100,140,41,035,28900,999,,,Census Tract 9711,5396,2286,4995,1975,5396,4995
41035971300,140,41,035,28900,999,,,Census Tract 9713,5495,2437,5072,2251,5495,5072
41035971700,140,41,035,28900,999,,,Census Tract 9717,2904,1459,2958,1402,2904,2958
41035971800,140,41,035,28900,999,,,Census Tract 9718,2339,1284,2560,1345,2339,2560
41035971900,140,41,035,28900,999,,,Census Tract 9719,3475,1645,3609,1632,3475,3609
41037960100,140,41,037,99999,999,,,Census Tract 9601,2756,1937,2358,1521,2756,2358
41039000200,140,41,039,21660,999,,,Census Tract 2,4880,2050,4660,1868,4880,4660
41039000300,140,41,039,21660,999,,,Census Tract 3,2341,934,2249,881,2341,2249
41039000402,140,41,039,21660,999,,,Census Tract 4.02,3279,1441,6973,2783,3279,6973
41039000500,140,41,039,21660,999,,,Census Tract 5,2147,1253,2355,1128,2147,2355
41039000708,140,41,039,21660,999,,,Census Tract 7.08,2238,1418,1992,1167,2238,1992
41039000902,140,41,039,21660,999,,,Census Tract 9.02,4552,1897,4542,1789,4552,4542
41039000904,140,41,039,21660,999,,,Census Tract 9.04,2981,1219,2461,922,2981,2461
41039001001,140,41,039,21660,999,,,Census Tract 10.01,2451,1029,2462,986,2451,2462
41039001302,140,41,039,21660,999,,,Census Tract 13.02,5058,2056,4445,1755,5058,4445
41039002101,140,41,039,21660,999,,,Census Tract 21.01,2768,1166,2777,1125,2768,2777
41039002302,140,41,039,21660,999,,,Census Tract 23.02,4507,1740,3570,1312,4507,3570
41039002600,140,41,039,21660,999,,,Census Tract 26,6489,2628,5482,2262,6489,5482
41039003101,140,41,039,21660,999,,,Census Tract 31.01,5819,2546,5810,2355,5819,5810
41039003102,140,41,039,21660,999,,,Census Tract 31.02,7069,3351,5942,2721,7069,5942
41039003400,140,41,039,21660,999,,,Census Tract 34,4813,2033,4706,2011,4813,4706
41039003800,140,41,039,21660,999,,,Census Tract 38,6625,3060,5286,2961,6625,5286
41039003900,140,41,039,21660,999,,,Census Tract 39,2963,1663,2825,1540,2963,2825
41039004100,140,41,039,21660,999,,,Census Tract 41,3794,1679,3906,1594,3794,3906
41039004200,140,41,039,21660,999,,,Census Tract 42,3652,1674,4066,1765,3652,4066
41039004501,140,41,039,21660,999,,,Census Tract 45.01,2480,1487,2390,1403,2480,2390
41039004700,140,41,039,21660,999,,,Census Tract 47,3511,1712,3403,1645,3511,3403
41039005300,140,41,039,21660,999,,,Census Tract 53,2479,1084,2505,1035,2479,2505
41039005400,140,41,039,21660,999,,,Census Tract 54,5169,2379,5255,2266,5169,5255
41041951500,140,41,041,99999,999,,,Census Tract 9515,2417,2183,2342,1827,2417,2342
41041951700,140,41,041,99999,999,,,Census Tract 9517,2017,1751,1840,1398,2017,1840
41043020400,140,41,043,10540,102,,,Census Tract 204,4256,1931,4051,1842,4256,4051
41043030100,140,41,043,10540,102,,,Census Tract 301,5937,2328,5781,2192,5937,5781
41043030300,140,41,043,10540,102,,,Census Tract 303,2331,1064,2544,1019,2331,2544
41047000400,140,41,047,41420,999,,,Census Tract 4,4938,1947,5388,1973,4938,5388
41047000900,140,41,047,41420,999,,,Census Tract 9,5782,2429,5844,2438,5782,5844
41047001000,140,41,047,41420,999,,,Census Tract 10,3870,1640,4065,1691,3870,4065
41047001603,140,41,047,41420,999,,,Census Tract 16.03,6964,2274,5408,1898,6964,5408
41047001604,140,41,047,41420,999,,,Census Tract 16.04,8364,3033,7086,2777,8364,7086
41047001703,140,41,047,41420,999,,,Census Tract 17.03,4337,1592,3782,1422,4337,3782
41047001803,140,41,047,41420,999,,,Census Tract 18.03,5293,1233,5000,1225,5293,5000
41047002201,140,41,047,41420,999,,,Census Tract 22.01,1977,884,1990,845,1977,1990
41047002202,140,41,047,41420,999,,,Census Tract 22.02,6230,2595,6271,2482,6230,6271
41047002400,140,41,047,41420,999,,,Census Tract 24,3435,1490,2883,1149,3435,2883
41047002600,140,41,047,41420,999,,,Census Tract 26,2030,719,2077,705,2030,2077
41047002700,140,41,047,41420,999,,,Census Tract 27,8510,3355,7540,2877,8510,7540
41047010201,140,41,047,41420,999,,,Census Tract 102.01,2632,1034,2281,913,2632,2281
41047010306,140,41,047,41420,999,,,Census Tract 103.06,9060,3185,7053,2503,9060,7053
41047010600,140,41,047,41420,999,,,Census Tract 106,2471,1667,2701,1643,2471,2701
41047010702,140,41,047,41420,999,,,Census Tract 107.02,6375,2546,5424,1921,6375,5424
41051000200,140,41,051,38900,999,,,Census Tract 2,5777,3008,5603,2961,5777,5603
41051000402,140,41,051,38900,999,,,Census Tract 4.02,3477,1546,3427,1485,3477,3427
41051000702,140,41,051,38900,999,,,Census Tract 7.02,4758,2068,4923,1898,4758,4923
41051000901,140,41,051,38900,999,,,Census Tract 9.01,3890,1837,3788,1780,3890,3788
41051001000,140,41,051,38900,999,,,Census Tract 10,5353,2676,5213,2535,5353,5213
41051001101,140,41,051,38900,999,,,Census Tract 11.01,2120,1366,1915,1218,2120,1915
41051001701,140,41,051,38900,999,,,Census Tract 17.01,6402,2928,6451,2796,6402,6451
41051001702,140,41,051,38900,999,,,Census Tract 17.02,3904,1560,4110,1453,3904,4110
41051002203,140,41,051,38900,999,,,Census Tract 22.03,3207,1555,2945,1385,3207,2945
41051002303,140,41,051,38900,999,,,Census Tract 23.03,1996,1195,1391,948,1996,1391
41051002702,140,41,051,38900,999,,,Census Tract 27.02,2578,1490,2360,1381,2578,2360
41051002802,140,41,051,38900,999,,,Census Tract 28.02,2928,1332,2891,1309,2928,2891
41051003200,140,41,051,38900,999,,,Census Tract 32,3968,1725,3995,1656,3968,3995
41051003301,140,41,051,38900,999,,,Census Tract 33.01,2988,1284,3223,1232,2988,3223
41051003302,140,41,051,38900,999,,,Census Tract 33.02,2757,1281,2494,1080,2757,2494
41051003401,140,41,051,38900,999,,,Census Tract 34.01,3335,1501,3309,1325,3335,3309
41051003402,140,41,051,38900,999,,,Census Tract 34.02,3094,1468,2770,1144,3094,2770
41051003501,140,41,051,38900,999,,,Census Tract 35.01,3518,1650,3444,1477,3518,3444
41051003502,140,41,051,38900,999,,,Census Tract 35.02,2028,902,2034,853,2028,2034
41051003603,140,41,051,38900,999,,,Census Tract 36.03,1516,674,1532,654,1516,1532
41051003701,140,41,051,38900,999,,,Census Tract 37.01,4356,1860,3954,1585,4356,3954
41051003902,140,41,051,38900,999,,,Census Tract 39.02,3040,1333,2986,1296,3040,2986
41051004601,140,41,051,38900,999,,,Census Tract 46.01,3219,1766,2980,1614,3219,2980
41051004900,140,41,051,38900,999,,,Census Tract 49,3537,2605,3038,2256,3537,3038
41051005100,140,41,051,38900,999,,,Census Tract 51,7926,5843,3612,2249,7926,3612
41051005500,140,41,051,38900,999,,,Census Tract 55,2473,1818,2080,1510,2473,2080
41051006404,140,41,051,38900,999,,,Census Tract 64.04,3674,1961,9157,4027,3674,9157
41051006802,140,41,051,38900,999,,,Census Tract 68.02,3394,1480,3443,1462,3394,3443
41051006900,140,41,051,38900,999,,,Census Tract 69,2628,1127,2551,1059,2628,2551
41051007400,140,41,051,38900,999,,,Census Tract 74,3654,1427,3247,1267,3654,3247
41051008100,140,41,051,38900,999,,,Census Tract 81,7108,3059,6846,2785,7108,6846
41051008302,140,41,051,38900,999,,,Census Tract 83.02,4158,1550,3694,1379,4158,3694
41051009301,140,41,051,38900,999,,,Census Tract 93.01,6045,2309,4974,1998,6045,4974
41051009501,140,41,051,38900,999,,,Census Tract 95.01,4736,2058,4104,1848,4736,4104
41051009701,140,41,051,38900,999,,,Census Tract 97.01,5611,2046,5238,1964,5611,5238
41051010402,140,41,051,38900,999,,,Census Tract 104.02,6135,2163,4917,1746,6135,4917
41053020203,140,41,053,41420,999,,,Census Tract 202.03,2924,1176,2948,1138,2924,2948
41053020303,140,41,053,41420,999,,,Census Tract 203.03,4359,1481,3412,1148,4359,3412
41055950100,140,41,055,99999,999,,,Census Tract 9501,1765,918,1934,935,1765,1934
41057960200,140,41,057,99999,999,,,Census Tract 9602,2471,2928,2539,2603,2471,2539
41057960500,140,41,057,99999,999,,,Census Tract 9605,2134,1110,2158,1081,2134,2158
41059950300,140,41,059,37820,999,,,Census Tract 9503,2781,1153,2885,1100,2781,2885
41059950700,140,41,059,37820,999,,,Census Tract 9507,2474,1172,2522,1156,2474,2522
41059951300,140,41,059,37820,999,,,Census Tract 9513,3715,1406,3694,1393,3715,3694
41059951400,140,41,059,37820,999,,,Census Tract 9514,2391,1281,2578,1264,2391,2578
41061970500,140,41,061,29260,999,,,Census Tract 9705,3370,1434,3352,1338,3370,3352
41061970600,140,41,061,29260,999,,,Census Tract 9706,3786,1698,3925,1627,3786,3925
41063960200,140,41,063,99999,999,,,Census Tract 9602,1874,1032,2030,1025,1874,2030
41063960300,140,41,063,99999,999,,,Census Tract 9603,3177,1799,3134,1692,3177,3134
41065970300,140,41,065,45520,999,,,Census Tract 9703,2859,1177,2684,1147,2859,2684
41067030200,140,41,067,38900,999,,,Census Tract 302,6022,2755,5707,2610,6022,5707
41067030900,140,41,067,38900,999,,,Census Tract 309,5261,2152,4550,1968,5261,4550
41067031403,140,41,067,38900,999,,,Census Tract 314.03,4890,2012,4565,1947,4890,4565
41067031511,140,41,067,38900,999,,,Census Tract 315.11,3071,1087,3225,1057,3071,3225
41067031703,140,41,067,38900,999,,,Census Tract 317.03,4681,1658,4591,1605,4681,4591
41067032003,140,41,067,38900,999,,,Census Tract 320.03,3756,1786,3529,1694,3756,3529
41067032004,140,41,067,38900,999,,,Census Tract 320.04,1923,815,1807,773,1923,1807
41067032109,140,41,067,38900,999,,,Census Tract 321.09,2937,938,969,462,2937,969
41067032502,140,41,067,38900,999,,,Census Tract 325.02,2839,1097,1957,772,2839,1957
41067032503,140,41,067,38900,999,,,Census Tract 325.03,3490,1302,2406,916,3490,2406
41067032800,140,41,067,38900,999,,,Census Tract 328,1206,489,1375,481,1206,1375
41067033600,140,41,067,38900,999,,,Census Tract 336,2169,887,2261,835,2169,2261
41069960100,140,41,069,99999,999,,,Census Tract 9601,1441,895,1547,842,1441,1547
41071030102,140,41,071,38900,999,,,Census Tract 301.02,7594,2850,5703,2091,7594,5703
41071030302,140,41,071,38900,999,,,Census Tract 303.02,2087,836,1746,672,2087,1746
41071030502,140,41,071,38900,999,,,Census Tract 305.02,5065,1900,4141,1610,5065,4141
41071030900,140,41,071,38900,999,,,Census Tract 309,4436,1596,3981,1318,4436,3981
41071031000,140,41,071,38900,999,,,Census Tract 310,4123,1534,3876,1347,4123,3876
